UID,채무 불이행 확률
TEST_0000,0.5097292760357329
TEST_0001,0.48526432483028803
TEST_0002,0.4578889916948153
TEST_0003,0.49029497160752006
TEST_0004,0.5171799753587061
TEST_0005,0.44057267446862286
TEST_0006,0.5280699562551374
TEST_0007,0.47714348023767716
TEST_0008,1.0832231538158227e-05
TEST_0009,0.4237838092206578
TEST_0010,0.4694916782904528
TEST_0011,0.531584195668173
TEST_0012,0.5054217732716538
TEST_0013,0.5471255829603892
TEST_0014,0.5701617222933666
TEST_0015,0.4657106686341798
TEST_0016,0.5360135613336428
TEST_0017,0.49306337167564124
TEST_0018,0.5148975981320882
TEST_0019,0.4843306947932532
TEST_0020,0.5249273799616387
TEST_0021,0.5202195952800571
TEST_0022,0.4920408687675316
TEST_0023,0.5330957775084638
TEST_0024,0.49145973705057694
TEST_0025,0.5250703447887921
TEST_0026,0.5255181012841951
TEST_0027,0.4789633800172855
TEST_0028,0.4815319369954347
TEST_0029,0.5441575779749414
TEST_0030,0.4869701918847843
TEST_0031,0.3375676136146503
TEST_0032,0.48924246822617035
TEST_0033,0.5445592411822701
TEST_0034,0.5391770262287635
TEST_0035,0.44112323695528505
TEST_0036,0.48842476342913393
TEST_0037,0.5044762054558815
TEST_0038,0.4966469536554749
TEST_0039,0.50469981444277
TEST_0040,0.5722239973391214
TEST_0041,0.47125289031658024
TEST_0042,0.4591285514306633
TEST_0043,0.5158877895049145
TEST_0044,0.48746183097641616
TEST_0045,0.48623132421170406
TEST_0046,0.5195616684014748
TEST_0047,0.43514802864015084
TEST_0048,0.4883096344315276
TEST_0049,0.5080446042928269
TEST_0050,0.540541739150577
TEST_0051,0.4698467349503037
TEST_0052,0.5521502274492316
TEST_0053,0.4845843376330606
TEST_0054,0.4943798214905926
TEST_0055,0.48259768999093094
TEST_0056,0.5047111365964977
TEST_0057,0.5013007945005371
TEST_0058,0.557932853269699
TEST_0059,0.5220365247627916
TEST_0060,0.5005125655036474
TEST_0061,0.5152764130098739
TEST_0062,0.5289860748372035
TEST_0063,0.4967272514780856
TEST_0064,0.5706304992460807
TEST_0065,0.5241732862589881
TEST_0066,0.5138009571942678
TEST_0067,0.46360770508277754
TEST_0068,0.4859528961939849
TEST_0069,0.5096223430810791
TEST_0070,0.4259735671750252
TEST_0071,0.4978290755682566
TEST_0072,0.49928593666468934
TEST_0073,0.49047846844416265
TEST_0074,0.4897278201937703
TEST_0075,0.5128058571835403
TEST_0076,0.4406076603174774
TEST_0077,0.2852532722763382
TEST_0078,0.4399733600973336
TEST_0079,0.5212843565363822
TEST_0080,0.49358143113174596
TEST_0081,0.5212249633009517
TEST_0082,0.5241962498166942
TEST_0083,0.4997231111915535
TEST_0084,0.5123916664353192
TEST_0085,0.5224049955128924
TEST_0086,0.4824781765320071
TEST_0087,0.5257001515338117
TEST_0088,0.4645922005253182
TEST_0089,0.5124780821736514
TEST_0090,0.5447904206023056
TEST_0091,0.4534442593573894
TEST_0092,0.5230771018343935
TEST_0093,0.46639914035494046
TEST_0094,0.4408169579666163
TEST_0095,0.44363369892941695
TEST_0096,0.5126413386772815
TEST_0097,0.4972504839543446
TEST_0098,0.2977304067134879
TEST_0099,0.46846658252093837
TEST_0100,0.49624223746152696
TEST_0101,0.4604803797692947
TEST_0102,0.4734675133341468
TEST_0103,0.4846196322806054
TEST_0104,0.5369009438636814
TEST_0105,0.464905712481783
TEST_0106,0.5205296600868481
TEST_0107,0.4602715456407785
TEST_0108,0.5194564191152828
TEST_0109,0.6018360585192132
TEST_0110,0.5048674042414816
TEST_0111,0.4179211049874989
TEST_0112,0.5119260370536086
TEST_0113,0.495748171756737
TEST_0114,0.5233991545788043
TEST_0115,0.5332153733897634
TEST_0116,0.5328374355420903
TEST_0117,0.5261499857309622
TEST_0118,0.497066119066781
TEST_0119,0.5075202179612419
TEST_0120,0.49835493787200985
TEST_0121,0.52453387035138
TEST_0122,0.4234555896669451
TEST_0123,0.44307020655495327
TEST_0124,0.45093727878091727
TEST_0125,0.48281023008876184
TEST_0126,0.5129588184604416
TEST_0127,0.4912980265776625
TEST_0128,0.504304733399881
TEST_0129,0.64264441630538
TEST_0130,0.5021711461279807
TEST_0131,0.586255119891809
TEST_0132,0.5317385115231484
TEST_0133,0.4903944240829168
TEST_0134,0.536268186159612
TEST_0135,0.4654307966934694
TEST_0136,0.5262064222114791
TEST_0137,0.5256367305916104
TEST_0138,0.539355640231786
TEST_0139,0.5433471028772894
TEST_0140,0.5354648002639313
TEST_0141,0.533020607651531
TEST_0142,0.4138561129516499
TEST_0143,0.5191151775669035
TEST_0144,0.5190493229227582
TEST_0145,0.5124106004903773
TEST_0146,0.5245001553212881
TEST_0147,0.500043372989327
TEST_0148,0.5084121736126984
TEST_0149,0.5262025753583778
TEST_0150,0.5029121150240684
TEST_0151,0.48007603995841264
TEST_0152,0.49195110601220404
TEST_0153,0.48120081719553914
TEST_0154,0.49616771304976526
TEST_0155,0.5074545353559778
TEST_0156,0.5322342685764302
TEST_0157,0.5792648918734778
TEST_0158,0.4752634013940896
TEST_0159,0.3724286629381704
TEST_0160,0.5374979906197658
TEST_0161,0.489202962964431
TEST_0162,0.49737426632721826
TEST_0163,0.5574953249444801
TEST_0164,0.40769779005237927
TEST_0165,0.516298361312365
TEST_0166,0.4895037411113998
TEST_0167,0.4665789232576432
TEST_0168,0.49501405753538325
TEST_0169,0.5070823327298037
TEST_0170,0.48722149267668713
TEST_0171,0.527689946716307
TEST_0172,0.47548858859802706
TEST_0173,0.4667842099991976
TEST_0174,0.4668118887854308
TEST_0175,0.5320655372314662
TEST_0176,0.494872638591386
TEST_0177,0.5178573031882467
TEST_0178,0.5160774023357361
TEST_0179,0.5447611623734676
TEST_0180,0.5235814727343954
TEST_0181,0.4443226947852451
TEST_0182,0.48652860344044535
TEST_0183,0.5212130378240181
TEST_0184,0.5310825923323362
TEST_0185,0.48788430316021947
TEST_0186,0.4890695980548357
TEST_0187,0.5066431117696785
TEST_0188,0.5320266356994574
TEST_0189,0.43251937901475423
TEST_0190,0.5687791289835257
TEST_0191,0.25319612300118666
TEST_0192,0.5147722447232587
TEST_0193,0.4787229750402848
TEST_0194,0.4741977638161464
TEST_0195,0.39878422415357506
TEST_0196,0.5816952119334478
TEST_0197,0.5158945154410856
TEST_0198,0.45549649484688576
TEST_0199,0.5256812107920177
TEST_0200,0.44187139462226666
TEST_0201,0.49824530360074576
TEST_0202,0.5004507554807265
TEST_0203,0.42990227423228405
TEST_0204,0.5368892018029702
TEST_0205,0.5344631510325415
TEST_0206,0.562560916581415
TEST_0207,0.47181269673309056
TEST_0208,0.5058034454924473
TEST_0209,0.5200895369978363
TEST_0210,0.524826982894736
TEST_0211,0.5499948002283889
TEST_0212,0.5181375443418174
TEST_0213,0.5113082115992906
TEST_0214,0.536752504017287
TEST_0215,0.5224988067072666
TEST_0216,0.48843197982539965
TEST_0217,0.5388643587241069
TEST_0218,0.459937418786741
TEST_0219,0.5461509678308593
TEST_0220,0.5160486029061466
TEST_0221,0.4530692951994939
TEST_0222,0.5526511644303638
TEST_0223,0.45344471312058027
TEST_0224,0.45080489345556735
TEST_0225,0.5152590666547173
TEST_0226,0.49359922126171946
TEST_0227,0.5220161796241547
TEST_0228,0.4373314483979808
TEST_0229,0.4463021278920671
TEST_0230,0.5196013883157642
TEST_0231,0.5165041893112121
TEST_0232,0.5146503280709069
TEST_0233,0.5176891411435218
TEST_0234,0.5121229151788511
TEST_0235,0.508973476662318
TEST_0236,0.30229240273839564
TEST_0237,0.5662344228558197
TEST_0238,0.4819577185742943
TEST_0239,0.5380086663735201
TEST_0240,0.5459871459494726
TEST_0241,0.5327336397000073
TEST_0242,0.44304193738633074
TEST_0243,0.5333533951712439
TEST_0244,0.46890141287346865
TEST_0245,0.5008044102598265
TEST_0246,0.4762210120155049
TEST_0247,0.506890684134761
TEST_0248,0.44157214767501035
TEST_0249,0.5059561086896762
TEST_0250,0.38643933475678327
TEST_0251,0.5750890859589057
TEST_0252,0.5249904470428023
TEST_0253,0.5075809988223375
TEST_0254,0.21754175980598434
TEST_0255,0.5335048101225306
TEST_0256,0.5114194358001083
TEST_0257,0.3890812578098165
TEST_0258,0.4392217049123587
TEST_0259,0.4711888135671351
TEST_0260,0.3789754201518665
TEST_0261,0.49750484459769573
TEST_0262,0.35866765115253424
TEST_0263,0.5550226945500137
TEST_0264,0.527609342166349
TEST_0265,0.56262089605815
TEST_0266,0.42980054742808355
TEST_0267,0.2725337948248474
TEST_0268,0.4974932832417553
TEST_0269,0.4894753447297001
TEST_0270,0.5252901727263336
TEST_0271,0.5352157520045955
TEST_0272,0.4770097761488538
TEST_0273,0.5060913601584157
TEST_0274,0.5046990844840554
TEST_0275,0.5029817689745855
TEST_0276,0.4250714231617023
TEST_0277,0.37779098454588317
TEST_0278,0.46120397246638906
TEST_0279,0.534699451251119
TEST_0280,0.551183293443631
TEST_0281,0.39473745683066236
TEST_0282,0.3661834548442202
TEST_0283,0.5201604368820043
TEST_0284,0.49566993779762997
TEST_0285,0.5254501490248411
TEST_0286,0.4073864283987615
TEST_0287,0.5352988572597444
TEST_0288,0.5131359822716984
TEST_0289,0.4851424354681828
TEST_0290,0.4893176951472472
TEST_0291,0.45947939908091456
TEST_0292,0.5496382906503826
TEST_0293,0.5096287095563676
TEST_0294,0.30006639911112243
TEST_0295,0.5058913469169647
TEST_0296,0.48288516989695646
TEST_0297,0.4977299555753585
TEST_0298,0.47952190889259594
TEST_0299,0.48917090847997075
TEST_0300,0.5803587389727121
TEST_0301,0.5083289694612643
TEST_0302,0.5139513817983156
TEST_0303,0.5343749395275059
TEST_0304,0.7210622713204993
TEST_0305,0.4878585531322327
TEST_0306,0.45165198955099695
TEST_0307,0.5522402954213881
TEST_0308,0.5183074946149794
TEST_0309,0.5027713050000829
TEST_0310,0.24012823176885334
TEST_0311,0.5535730374919724
TEST_0312,0.5055796114731195
TEST_0313,0.42750758232980773
TEST_0314,0.4883141472426744
TEST_0315,0.5435906710863793
TEST_0316,0.4457407002296785
TEST_0317,0.5190359419198979
TEST_0318,0.48750281706555315
TEST_0319,0.5382357674693329
TEST_0320,0.47980840549163273
TEST_0321,0.48727535597883903
TEST_0322,0.5313987406838112
TEST_0323,0.503949641202547
TEST_0324,0.5492616851282647
TEST_0325,0.47921929609011577
TEST_0326,0.5384466400388084
TEST_0327,0.5079126254162073
TEST_0328,0.47930513848931394
TEST_0329,0.50415500158572
TEST_0330,0.49613385216860895
TEST_0331,0.48397311475119636
TEST_0332,0.5067458017089904
TEST_0333,0.5149172160410529
TEST_0334,0.4487968712669555
TEST_0335,0.5106775454428228
TEST_0336,0.4808101208904363
TEST_0337,0.5233251208534212
TEST_0338,0.49622430361942044
TEST_0339,0.4860489226808452
TEST_0340,0.47875356901933497
TEST_0341,0.47986774462516985
TEST_0342,0.5413007957065447
TEST_0343,0.49684914159842775
TEST_0344,0.49843429628508856
TEST_0345,0.48192701601422944
TEST_0346,0.5018375384806241
TEST_0347,0.45478414939805134
TEST_0348,0.5184534301825631
TEST_0349,0.5273948400689704
TEST_0350,0.46902376272900287
TEST_0351,0.521388366796815
TEST_0352,0.5218898680652032
TEST_0353,0.43680404331613293
TEST_0354,0.4434957437606491
TEST_0355,0.5320718193680398
TEST_0356,0.4918849449192869
TEST_0357,0.4597892679102263
TEST_0358,0.530338530084673
TEST_0359,0.5410815684022443
TEST_0360,0.45715551115987874
TEST_0361,0.49410594428455124
TEST_0362,0.5191216024812736
TEST_0363,0.4599567356317774
TEST_0364,0.48338316330734066
TEST_0365,0.45000493391803587
TEST_0366,0.3632796703972106
TEST_0367,0.49570683675073873
TEST_0368,0.4648102121241794
TEST_0369,0.5029616274696586
TEST_0370,0.5410847379085604
TEST_0371,0.6014631366530708
TEST_0372,0.5144461187701581
TEST_0373,0.6461560655215057
TEST_0374,0.4446921499181954
TEST_0375,0.49569469570528363
TEST_0376,0.39274031700826423
TEST_0377,0.5028574225509184
TEST_0378,0.48275476767098996
TEST_0379,0.518211272750013
TEST_0380,0.47456167431591
TEST_0381,0.5347517779824317
TEST_0382,0.5106135206365103
TEST_0383,0.5249167225159028
TEST_0384,0.5899310014042752
TEST_0385,0.5493023739706185
TEST_0386,0.3988653133267671
TEST_0387,0.5425477214132466
TEST_0388,0.5071540225697979
TEST_0389,0.4731781524850305
TEST_0390,0.5159426529327759
TEST_0391,0.5473496072140437
TEST_0392,0.5072078186335948
TEST_0393,0.5310157651573648
TEST_0394,0.5022983307188735
TEST_0395,0.5185177368913233
TEST_0396,0.5810406257156364
TEST_0397,0.48072109365665944
TEST_0398,0.4816950272983068
TEST_0399,0.45502497290048155
TEST_0400,0.5090858626274837
TEST_0401,0.513104037674344
TEST_0402,0.5007415323519427
TEST_0403,0.466077342279429
TEST_0404,0.500688640570784
TEST_0405,0.5137170352883168
TEST_0406,0.5182899273372001
TEST_0407,0.5035316280745925
TEST_0408,0.5141376875879683
TEST_0409,0.542026302021157
TEST_0410,0.5235655741948713
TEST_0411,0.5110104911356758
TEST_0412,0.5089822296556681
TEST_0413,0.5323944657000008
TEST_0414,0.3945287123251406
TEST_0415,0.5400488848007375
TEST_0416,0.4371060641829024
TEST_0417,0.5171191411318323
TEST_0418,0.510313713785126
TEST_0419,0.46103071911116533
TEST_0420,0.48882583169336785
TEST_0421,0.48262725168742304
TEST_0422,0.43901505832631504
TEST_0423,0.41570339179328775
TEST_0424,0.4323527763889092
TEST_0425,0.5056973354937876
TEST_0426,0.4416454791230955
TEST_0427,0.4904557590439996
TEST_0428,0.4955385230561941
TEST_0429,0.534510196880837
TEST_0430,0.4408579652780613
TEST_0431,0.5060314262109147
TEST_0432,0.5200295531307028
TEST_0433,0.5460845904216409
TEST_0434,0.5524608946385924
TEST_0435,0.5326435244087114
TEST_0436,0.434514689236693
TEST_0437,0.5382159712447571
TEST_0438,0.5543509142381724
TEST_0439,0.49811058969567523
TEST_0440,0.527362139983188
TEST_0441,0.4702746603187993
TEST_0442,0.4312039505823177
TEST_0443,0.4765450735688623
TEST_0444,0.4867352011468951
TEST_0445,0.23863074789495103
TEST_0446,0.3694672320808714
TEST_0447,0.511951255069303
TEST_0448,0.4073232276878451
TEST_0449,0.4990630778804972
TEST_0450,0.464998476103814
TEST_0451,0.5178493171646227
TEST_0452,0.5021681018627602
TEST_0453,0.44798478369991557
TEST_0454,0.47256711667018814
TEST_0455,0.4845837615997138
TEST_0456,0.47589153577023335
TEST_0457,0.5260036795073576
TEST_0458,0.46470850906777644
TEST_0459,0.4734293603263577
TEST_0460,0.5151524936924644
TEST_0461,0.5088381990346413
TEST_0462,0.37479352536341926
TEST_0463,0.5203603720405138
TEST_0464,0.5330443638940335
TEST_0465,0.43728022920518866
TEST_0466,0.4895049015650665
TEST_0467,0.5054084762857107
TEST_0468,0.42668081988553336
TEST_0469,0.4801755932453363
TEST_0470,0.5530790386574941
TEST_0471,0.4842724796918338
TEST_0472,0.4680088021225821
TEST_0473,0.4763914670674293
TEST_0474,0.46852464680894207
TEST_0475,0.48321738476835896
TEST_0476,0.48572720189686414
TEST_0477,0.5057444906375594
TEST_0478,0.47005006376791475
TEST_0479,0.5514153831124322
TEST_0480,0.5258121690625253
TEST_0481,0.49501130707661883
TEST_0482,0.5160306091599256
TEST_0483,0.4317868904889049
TEST_0484,0.40350974838841364
TEST_0485,0.5185312105339902
TEST_0486,0.4149349281567875
TEST_0487,0.49968676292691
TEST_0488,0.474624229232012
TEST_0489,0.47422768452865777
TEST_0490,0.5176908880482259
TEST_0491,0.3882225523152184
TEST_0492,0.4960329402953459
TEST_0493,0.5517484898290312
TEST_0494,0.443817904955518
TEST_0495,0.527543002477419
TEST_0496,0.5210747253803347
TEST_0497,0.5477062752106785
TEST_0498,0.49407849877955384
TEST_0499,0.5251659096223745
TEST_0500,0.45538162572045415
TEST_0501,0.5357461235582461
TEST_0502,0.5298204420235212
TEST_0503,0.48602163924557523
TEST_0504,0.4794762220819939
TEST_0505,0.4512045387703542
TEST_0506,0.5173364364557602
TEST_0507,0.529888980178272
TEST_0508,0.5094952312690822
TEST_0509,0.47900811857029657
TEST_0510,0.5247226747300605
TEST_0511,0.5793565320017366
TEST_0512,0.5030702874902582
TEST_0513,0.5188586809610188
TEST_0514,0.4011034614747041
TEST_0515,0.5339885125357902
TEST_0516,0.45081438340983443
TEST_0517,0.5694724764676015
TEST_0518,0.5565487268504976
TEST_0519,0.5132870861429124
TEST_0520,0.5002736041599399
TEST_0521,0.47065814776829057
TEST_0522,0.41764787876422954
TEST_0523,0.5290677649509975
TEST_0524,0.4362497343302109
TEST_0525,0.47575368987163746
TEST_0526,0.523185554137793
TEST_0527,0.48679430620051023
TEST_0528,0.5610090090098405
TEST_0529,0.5270780590168577
TEST_0530,0.44155040456261146
TEST_0531,0.5195325825683894
TEST_0532,0.5224252003897155
TEST_0533,0.4038937183304457
TEST_0534,0.5552878008001424
TEST_0535,0.49195914686840336
TEST_0536,0.5074116723593919
TEST_0537,0.49166991873150623
TEST_0538,0.5490938424875733
TEST_0539,0.48096883291668097
TEST_0540,0.5169306615906842
TEST_0541,0.5123210024897779
TEST_0542,0.5335061455760233
TEST_0543,0.4358269197049305
TEST_0544,0.5086575277258804
TEST_0545,0.44505977319164797
TEST_0546,0.4970071617728228
TEST_0547,0.5361369902157446
TEST_0548,0.42138530160758936
TEST_0549,0.5343961959079138
TEST_0550,0.509075297802161
TEST_0551,0.5092076667294699
TEST_0552,0.45710800414068337
TEST_0553,0.4428489148563277
TEST_0554,0.5202186672435988
TEST_0555,0.5027360710707738
TEST_0556,0.5198500890704583
TEST_0557,0.5245856506990336
TEST_0558,0.4316457740948993
TEST_0559,0.5262836206127685
TEST_0560,0.3253532408376768
TEST_0561,0.5318539700590325
TEST_0562,0.5172697364664128
TEST_0563,0.5559147490192762
TEST_0564,0.5303324399223478
TEST_0565,0.4979879428605621
TEST_0566,0.5294198585975645
TEST_0567,0.560421935982954
TEST_0568,0.4728987941886865
TEST_0569,0.4669034800500323
TEST_0570,0.46421766814359267
TEST_0571,0.4289306333928213
TEST_0572,0.47961824404339287
TEST_0573,0.4466501646403082
TEST_0574,0.49604701837064263
TEST_0575,0.4916825434585405
TEST_0576,0.4874727468540857
TEST_0577,0.48207741891018496
TEST_0578,0.5020702656974558
TEST_0579,0.46269583922879304
TEST_0580,0.5089048948912125
TEST_0581,0.500408665028178
TEST_0582,0.5134224874670523
TEST_0583,0.5212713018773849
TEST_0584,0.5095940743765928
TEST_0585,0.5017035024583041
TEST_0586,0.5072505147229986
TEST_0587,0.5010793724910996
TEST_0588,0.5113229965737628
TEST_0589,0.509653700526685
TEST_0590,0.5031060316478205
TEST_0591,0.5204653600764285
TEST_0592,0.45461350984513704
TEST_0593,0.5125456043822487
TEST_0594,0.5364090431683775
TEST_0595,0.5228519396102673
TEST_0596,0.5291477712755526
TEST_0597,0.4695382242012842
TEST_0598,0.40031448375821743
TEST_0599,0.526965753890649
TEST_0600,0.4598793731257949
TEST_0601,0.5341830119159667
TEST_0602,0.4873070685084404
TEST_0603,0.5211776082898245
TEST_0604,0.5113125136748984
TEST_0605,0.4858471949102746
TEST_0606,0.515866871598517
TEST_0607,0.5030567342013968
TEST_0608,0.4723443870997115
TEST_0609,0.4875797878793285
TEST_0610,0.39086027854412486
TEST_0611,0.46027669445134645
TEST_0612,0.49433156438128445
TEST_0613,0.5251583880955205
TEST_0614,0.2948802470678004
TEST_0615,0.47479343258083556
TEST_0616,0.5454764130154959
TEST_0617,0.4762849752803626
TEST_0618,0.541640551848357
TEST_0619,0.41922979761868184
TEST_0620,0.5367439724174621
TEST_0621,0.3605216262210347
TEST_0622,0.5414058495732743
TEST_0623,0.5487888808223412
TEST_0624,0.4694048299927406
TEST_0625,0.465696718248882
TEST_0626,0.5059453865539782
TEST_0627,0.4993145184463715
TEST_0628,0.4973595673457829
TEST_0629,0.47683170604749514
TEST_0630,0.5265356107402672
TEST_0631,0.47966075237971506
TEST_0632,0.487661406735241
TEST_0633,0.5559963082228996
TEST_0634,0.5317800300988982
TEST_0635,0.4536439274341906
TEST_0636,0.538614987090881
TEST_0637,0.5486968219233253
TEST_0638,0.5326362300753325
TEST_0639,0.5055876525142473
TEST_0640,0.5601856693682427
TEST_0641,0.5423861648116128
TEST_0642,0.540092985378243
TEST_0643,0.5336867947441692
TEST_0644,0.45273918419608783
TEST_0645,0.5389480974467767
TEST_0646,0.5068971418138903
TEST_0647,0.47509838658885095
TEST_0648,0.5453219477565627
TEST_0649,0.5431343248921963
TEST_0650,0.4265386520221674
TEST_0651,0.483056923330596
TEST_0652,0.467980485194938
TEST_0653,0.5259359449385217
TEST_0654,0.33489649458254195
TEST_0655,0.522300331210945
TEST_0656,0.4563557469746832
TEST_0657,0.5080254303192081
TEST_0658,0.3854077355579105
TEST_0659,0.3604994304582023
TEST_0660,0.496795830692765
TEST_0661,0.4760040278144759
TEST_0662,0.48590415378733304
TEST_0663,0.4923001814913731
TEST_0664,0.5292228990606158
TEST_0665,0.3934843286417029
TEST_0666,0.5239267376165679
TEST_0667,0.5080347615422727
TEST_0668,0.48337729718626155
TEST_0669,0.5389428474865295
TEST_0670,0.10046577851295728
TEST_0671,0.4642204593883159
TEST_0672,0.4842989710427198
TEST_0673,0.6686847109561268
TEST_0674,0.477307549138095
TEST_0675,0.44526349739683413
TEST_0676,0.5122627216756841
TEST_0677,0.5331306530178787
TEST_0678,0.5560761263444878
TEST_0679,0.5369907766223949
TEST_0680,0.5129847266345597
TEST_0681,0.41664796738605875
TEST_0682,0.5105066997506179
TEST_0683,0.48842170489965964
TEST_0684,0.48184676177672636
TEST_0685,0.4937863130499457
TEST_0686,0.5406050114199632
TEST_0687,0.4791849337849138
TEST_0688,0.5438410511596298
TEST_0689,0.4816313714431491
TEST_0690,0.4996103172617459
TEST_0691,0.44323218333131525
TEST_0692,0.533297127737789
TEST_0693,0.5337108240764549
TEST_0694,0.5416391316047369
TEST_0695,0.49570842054189657
TEST_0696,0.5228639096983619
TEST_0697,0.503519437682923
TEST_0698,0.49884603376500664
TEST_0699,0.27100778983607415
TEST_0700,0.5174064047881505
TEST_0701,0.49316461412595425
TEST_0702,0.1657223783187552
TEST_0703,0.6603776245305139
TEST_0704,0.5432101735782373
TEST_0705,0.5229444262306092
TEST_0706,0.51764549515173
TEST_0707,0.48724297558019647
TEST_0708,0.5233131245986553
TEST_0709,0.5198928661699048
TEST_0710,0.5048716208714551
TEST_0711,0.47439991250369257
TEST_0712,0.5166636156601113
TEST_0713,0.3953966034106855
TEST_0714,0.52303681133568
TEST_0715,0.49717554316611157
TEST_0716,0.5412681613633321
TEST_0717,0.5481700774435206
TEST_0718,0.428262555790458
TEST_0719,0.36559064446151696
TEST_0720,0.58478316649481
TEST_0721,0.5120304134573039
TEST_0722,0.5378169519104818
TEST_0723,0.44919524291820334
TEST_0724,0.536496761263878
TEST_0725,0.49930652428982436
TEST_0726,0.4352771864357655
TEST_0727,0.2356808419505959
TEST_0728,0.5420101265480575
TEST_0729,0.5581444299898175
TEST_0730,0.4595269099942034
TEST_0731,0.37860591630020285
TEST_0732,0.5102715657178177
TEST_0733,0.3967254392261117
TEST_0734,0.5129931329929893
TEST_0735,0.5165533569361737
TEST_0736,0.5063877421433943
TEST_0737,0.48711503622087154
TEST_0738,0.5255749046589113
TEST_0739,0.4133473538762317
TEST_0740,0.4726021610863346
TEST_0741,0.5023817789133291
TEST_0742,0.5036839016278359
TEST_0743,0.5116693066344065
TEST_0744,0.3918224114709589
TEST_0745,0.5050857773327356
TEST_0746,0.45212118105147625
TEST_0747,0.5097315831325486
TEST_0748,0.5927616291975348
TEST_0749,0.590391290449827
TEST_0750,0.4859423891025462
TEST_0751,0.46558623291197543
TEST_0752,0.5411831491429391
TEST_0753,0.5398683623857948
TEST_0754,0.5723079491516831
TEST_0755,0.5158108781380311
TEST_0756,0.5323149785320419
TEST_0757,0.5110455563366673
TEST_0758,0.49806210126902006
TEST_0759,0.47897003058347926
TEST_0760,0.49166696442822877
TEST_0761,0.5075149213888295
TEST_0762,0.5051033904188869
TEST_0763,0.4355088151520175
TEST_0764,0.4109323325395953
TEST_0765,0.505938467960077
TEST_0766,0.47732114326217934
TEST_0767,0.3812244301695142
TEST_0768,0.564508047974341
TEST_0769,0.5535297612714849
TEST_0770,0.43498796899831177
TEST_0771,0.5317288999111034
TEST_0772,0.24871447357950843
TEST_0773,0.4579725205305532
TEST_0774,0.5528503908885236
TEST_0775,0.5216746502245806
TEST_0776,0.47802496689802626
TEST_0777,0.44176540329630554
TEST_0778,0.4876066155120192
TEST_0779,0.524552927173515
TEST_0780,0.48408893168160305
TEST_0781,0.49544621796078075
TEST_0782,0.47259606427136686
TEST_0783,0.46270583201244286
TEST_0784,0.4941652391671623
TEST_0785,0.49167743713728745
TEST_0786,0.4780625153065406
TEST_0787,0.42384765171555255
TEST_0788,0.5165116750976921
TEST_0789,0.5190444887679898
TEST_0790,0.5155619673446316
TEST_0791,0.5370836234164454
TEST_0792,0.518846333799974
TEST_0793,0.4633360937589159
TEST_0794,0.4652528624610033
TEST_0795,0.3632651552319742
TEST_0796,0.4908403494731334
TEST_0797,0.5049563623349189
TEST_0798,0.47921453573636685
TEST_0799,0.536872211775721
TEST_0800,0.5552948043601836
TEST_0801,0.5191246753026513
TEST_0802,0.4404303960845528
TEST_0803,0.5109059468460625
TEST_0804,0.47910505529311265
TEST_0805,0.257184554490056
TEST_0806,0.5512080789797494
TEST_0807,0.4998441296195615
TEST_0808,0.49004025780153493
TEST_0809,0.4242315414583294
TEST_0810,0.5328163636126224
TEST_0811,0.4585807094426946
TEST_0812,0.512509878015335
TEST_0813,0.5179102871507701
TEST_0814,0.5307718453454231
TEST_0815,0.5684940371586966
TEST_0816,0.5029822567142597
TEST_0817,0.4718236150014593
TEST_0818,0.531487614591303
TEST_0819,0.4799531230994884
TEST_0820,0.5007576948590368
TEST_0821,0.487195430463536
TEST_0822,0.5317998701588735
TEST_0823,0.43460227870804935
TEST_0824,0.518619821363506
TEST_0825,0.4861241441759596
TEST_0826,0.49355003484552956
TEST_0827,0.4997910129161036
TEST_0828,0.4665928783835562
TEST_0829,0.544113976797221
TEST_0830,0.49671394249662687
TEST_0831,0.41336825718525383
TEST_0832,0.5114821695197688
TEST_0833,0.5043986112852374
TEST_0834,0.490664890020907
TEST_0835,0.5262480765642296
TEST_0836,0.4866949292183617
TEST_0837,0.514694746771961
TEST_0838,0.5612279322139722
TEST_0839,0.4437778595727435
TEST_0840,0.45896749646768686
TEST_0841,0.5234110452425945
TEST_0842,0.4772733393428205
TEST_0843,0.4965375570927474
TEST_0844,0.5109450744632732
TEST_0845,0.4967779045800796
TEST_0846,0.5213529488479121
TEST_0847,0.5276804595565681
TEST_0848,0.5457216306588086
TEST_0849,0.5569363485960913
TEST_0850,0.5260409898991131
TEST_0851,0.3733948275052713
TEST_0852,0.48922235719100104
TEST_0853,0.4145697077641771
TEST_0854,0.524642387190634
TEST_0855,0.4451771116174614
TEST_0856,0.5081552661601193
TEST_0857,0.532240994873127
TEST_0858,0.4309810366747049
TEST_0859,0.4970205641930685
TEST_0860,0.509917766797781
TEST_0861,0.5256631259123065
TEST_0862,0.3889012129333898
TEST_0863,0.47641113549859987
TEST_0864,0.5473011315837337
TEST_0865,0.42093144733274707
TEST_0866,0.5289084299781319
TEST_0867,0.49225170224122544
TEST_0868,0.503801696793334
TEST_0869,0.5102927725158312
TEST_0870,0.5062252793615944
TEST_0871,0.41770839378199187
TEST_0872,0.4357619508290607
TEST_0873,0.5120061495908766
TEST_0874,0.5334867860801518
TEST_0875,0.516438213570037
TEST_0876,0.5404058185116143
TEST_0877,0.4810834514964737
TEST_0878,0.4675073738051875
TEST_0879,0.5515716083850359
TEST_0880,0.4841705262814415
TEST_0881,0.18517295989254293
TEST_0882,0.5250480238705194
TEST_0883,0.49644916092610836
TEST_0884,0.5063096477497825
TEST_0885,0.5117975890179209
TEST_0886,0.48210947585852854
TEST_0887,0.5549185338166704
TEST_0888,0.5447553972945692
TEST_0889,0.5170149065858952
TEST_0890,0.5067490776385081
TEST_0891,0.453593194093953
TEST_0892,0.5496424454181615
TEST_0893,0.5493178977029136
TEST_0894,0.5395575968445763
TEST_0895,0.5388020369816697
TEST_0896,0.5205121537386087
TEST_0897,0.541825630950711
TEST_0898,0.494877917437081
TEST_0899,0.529042249943265
TEST_0900,0.49541005367852614
TEST_0901,0.5333184368793905
TEST_0902,0.5212780311245423
TEST_0903,0.5553274886527242
TEST_0904,0.5503771527665656
TEST_0905,0.5334148806083265
TEST_0906,0.5310914323052832
TEST_0907,0.46539044819212755
TEST_0908,0.47484797968123094
TEST_0909,0.4551632922969182
TEST_0910,0.4648552209142796
TEST_0911,0.5566570780634031
TEST_0912,0.5167918767522779
TEST_0913,0.4713945399785793
TEST_0914,0.4979166828421677
TEST_0915,0.4773380846410454
TEST_0916,0.41869004795356224
TEST_0917,0.41294303000273486
TEST_0918,0.4619495864550889
TEST_0919,0.5151749996641475
TEST_0920,0.308027949227221
TEST_0921,0.5157614771120296
TEST_0922,0.4500645372366345
TEST_0923,0.4517497650390088
TEST_0924,0.5050435136661449
TEST_0925,0.4708960004164858
TEST_0926,0.3417912526890581
TEST_0927,0.5293019995184352
TEST_0928,0.4851623074940682
TEST_0929,0.67780798083182
TEST_0930,0.48501474326149674
TEST_0931,0.4967889384107486
TEST_0932,0.5156854836937085
TEST_0933,0.4049023117699532
TEST_0934,0.5025705978339705
TEST_0935,0.5332242065638826
TEST_0936,0.5126416615149039
TEST_0937,0.497895473480447
TEST_0938,0.4131056518617909
TEST_0939,0.4182513993283242
TEST_0940,0.4244892939741379
TEST_0941,0.5041850459028318
TEST_0942,0.5181427703266945
TEST_0943,0.4600983896083972
TEST_0944,0.5082401227678236
TEST_0945,0.4964001964092787
TEST_0946,0.47248008946488346
TEST_0947,0.38069775042152415
TEST_0948,0.49799087168139866
TEST_0949,0.4700756056144705
TEST_0950,0.5160320164846551
TEST_0951,0.5407387652960783
TEST_0952,0.4837926166014641
TEST_0953,0.5081034818302836
TEST_0954,0.4701300209146282
TEST_0955,0.5271961997888202
TEST_0956,0.5432134594694263
TEST_0957,0.4746220836840067
TEST_0958,0.5265274469022171
TEST_0959,0.497361764820554
TEST_0960,0.5256890081010626
TEST_0961,0.4872345196832891
TEST_0962,0.5290013361609038
TEST_0963,0.4658882502816775
TEST_0964,0.5340032561227915
TEST_0965,0.3571151031804026
TEST_0966,0.5318577452038212
TEST_0967,0.5403355399104012
TEST_0968,0.4892323292092844
TEST_0969,0.6139311536595563
TEST_0970,0.5184408278704189
TEST_0971,0.4212109378123899
TEST_0972,0.49407855521079225
TEST_0973,0.4585987584238326
TEST_0974,0.2954525633409364
TEST_0975,0.4146584899385146
TEST_0976,0.4687971218721448
TEST_0977,0.49189521518665247
TEST_0978,0.4938937789289524
TEST_0979,0.5770751142477706
TEST_0980,0.5436784196916657
TEST_0981,0.48672644614712557
TEST_0982,0.516524975446006
TEST_0983,0.5175946082520254
TEST_0984,0.44035702256925957
TEST_0985,0.4752573358221186
TEST_0986,0.4500698811202497
TEST_0987,0.4807973825335379
TEST_0988,0.5031798756509673
TEST_0989,0.5441649782259944
TEST_0990,0.5000510837940724
TEST_0991,0.4916086524066228
TEST_0992,0.5466835012470113
TEST_0993,0.5179759147204878
TEST_0994,0.5348304995437305
TEST_0995,0.49645562533644677
TEST_0996,0.4973829683017011
TEST_0997,0.4783548589617105
TEST_0998,0.5328885941637055
TEST_0999,0.4608809334724825
TEST_1000,0.5384593579327623
TEST_1001,0.436007812965964
TEST_1002,0.5311057825931249
TEST_1003,0.4907491147844055
TEST_1004,0.5280305048038154
TEST_1005,0.4635976611164931
TEST_1006,0.47912943290119914
TEST_1007,0.5540038519147289
TEST_1008,0.4815438985003179
TEST_1009,0.46900317538770225
TEST_1010,0.4779539262118412
TEST_1011,0.4981163148051034
TEST_1012,0.3501205791431047
TEST_1013,0.42736222146216135
TEST_1014,0.5401286615018123
TEST_1015,0.47036528445457404
TEST_1016,0.4628186780407006
TEST_1017,0.41118018753819807
TEST_1018,0.3602596509311786
TEST_1019,0.5045830072299108
TEST_1020,0.47736231833933146
TEST_1021,0.4970568595929299
TEST_1022,0.4871644680671022
TEST_1023,0.5259326403037756
TEST_1024,0.49250492004523144
TEST_1025,0.4888044819425402
TEST_1026,0.5392401461942958
TEST_1027,0.5213006058341745
TEST_1028,0.4636388216393349
TEST_1029,0.511420652066304
TEST_1030,0.5309387049768095
TEST_1031,0.41608911703725443
TEST_1032,0.5430416312781869
TEST_1033,0.5205524099122663
TEST_1034,0.4148953864765645
TEST_1035,0.41849653318077
TEST_1036,0.4641890390241975
TEST_1037,0.4859612467646388
TEST_1038,0.5025191140283385
TEST_1039,0.5261499204119108
TEST_1040,0.519534551209557
TEST_1041,0.35245669231504306
TEST_1042,0.4712976395972185
TEST_1043,0.5326070025126731
TEST_1044,0.5426119723918023
TEST_1045,0.5453558189762054
TEST_1046,0.525291190082424
TEST_1047,0.5158229221756352
TEST_1048,0.5240722863611426
TEST_1049,0.5415610449762074
TEST_1050,0.5467673784312677
TEST_1051,0.4751930586635474
TEST_1052,0.464077025594284
TEST_1053,0.471366536775141
TEST_1054,0.5420382573453209
TEST_1055,0.5074567475661566
TEST_1056,0.4872330506554106
TEST_1057,0.5409041548057645
TEST_1058,0.49774019696641203
TEST_1059,0.5192841708544895
TEST_1060,0.5216375802629195
TEST_1061,0.3806070770099951
TEST_1062,0.5603449445385382
TEST_1063,0.5347267998533776
TEST_1064,0.5059743691661218
TEST_1065,0.4897215179056459
TEST_1066,0.5160677017713237
TEST_1067,0.4300100745713191
TEST_1068,0.5256516298527376
TEST_1069,0.5046085699867573
TEST_1070,0.3789575024133626
TEST_1071,0.5062932007353493
TEST_1072,0.4815278036634791
TEST_1073,0.49532515423416773
TEST_1074,0.49343717517502933
TEST_1075,0.5465348660998133
TEST_1076,0.4924812978389469
TEST_1077,0.1963624043830681
TEST_1078,0.521396276584432
TEST_1079,0.5067867770123194
TEST_1080,0.46253824377084934
TEST_1081,0.47639777375148545
TEST_1082,0.5067018707855652
TEST_1083,0.5019870267977824
TEST_1084,0.49179231326826445
TEST_1085,0.46718351648412554
TEST_1086,0.4955021992692616
TEST_1087,0.5074837389082746
TEST_1088,0.5149335960729566
TEST_1089,0.5014179744240255
TEST_1090,0.531432406700797
TEST_1091,0.5410560672372491
TEST_1092,0.4925259155787424
TEST_1093,0.4911985088394752
TEST_1094,0.4812015212516865
TEST_1095,0.5305245921072353
TEST_1096,0.5245971651322305
TEST_1097,0.4189919451640843
TEST_1098,0.5461436718655182
TEST_1099,0.5246668129947816
TEST_1100,0.4687739017973729
TEST_1101,0.5377074403795992
TEST_1102,0.5243938316534296
TEST_1103,0.5178259722725459
TEST_1104,0.4870533623189538
TEST_1105,0.4590717163438123
TEST_1106,0.4495362700828172
TEST_1107,0.3981910688357589
TEST_1108,0.49938045401906644
TEST_1109,0.49587475257509345
TEST_1110,0.5135465796184222
TEST_1111,0.49033229745288404
TEST_1112,0.46612373625349257
TEST_1113,0.460522799818621
TEST_1114,0.48480185595659425
TEST_1115,0.4496571413676851
TEST_1116,0.5241967408676245
TEST_1117,0.532686196672207
TEST_1118,0.4318732446025121
TEST_1119,0.5712809741714776
TEST_1120,0.5167701115245948
TEST_1121,0.4295366791772743
TEST_1122,0.5297225639366313
TEST_1123,0.544512781554257
TEST_1124,0.5248326246176536
TEST_1125,0.5413003816711802
TEST_1126,0.5116629914518468
TEST_1127,0.5075840858137195
TEST_1128,0.5364400063099589
TEST_1129,0.5178994983101047
TEST_1130,0.542540525774555
TEST_1131,0.4039236610531122
TEST_1132,0.49865012139096127
TEST_1133,0.4446870992926818
TEST_1134,0.5264831752635907
TEST_1135,0.5147668306352124
TEST_1136,0.5354842689339657
TEST_1137,0.48639800290828034
TEST_1138,0.5162634956885354
TEST_1139,0.3948970484476628
TEST_1140,0.5134803459683728
TEST_1141,0.5410609149940256
TEST_1142,0.4097273436084595
TEST_1143,0.5025241181866509
TEST_1144,0.4397262408091148
TEST_1145,0.4409661753541848
TEST_1146,0.5207565873392245
TEST_1147,0.535776305226189
TEST_1148,0.5357330466568869
TEST_1149,0.5470766483239635
TEST_1150,0.5526710905109562
TEST_1151,0.5284496655973855
TEST_1152,0.35671092727680737
TEST_1153,0.4911049786808801
TEST_1154,0.4966236294504637
TEST_1155,0.5196795929763304
TEST_1156,0.46311407132841015
TEST_1157,0.49363055508423803
TEST_1158,0.516726205858702
TEST_1159,0.4986324014471363
TEST_1160,0.5122971706527188
TEST_1161,0.5618013089456008
TEST_1162,0.464743375025784
TEST_1163,0.4062948740837312
TEST_1164,0.6377911638984672
TEST_1165,0.5369378577080041
TEST_1166,0.5047422743865464
TEST_1167,0.5506173091466696
TEST_1168,0.5279402768122943
TEST_1169,0.5420869931660466
TEST_1170,0.5098861181741353
TEST_1171,0.5045321016389307
TEST_1172,0.47214484698688025
TEST_1173,0.5023825527249414
TEST_1174,0.43280000548755415
TEST_1175,0.5125378164654777
TEST_1176,0.5142754443939127
TEST_1177,0.5321735720924906
TEST_1178,0.45194791628682074
TEST_1179,0.4596531418979471
TEST_1180,0.5153540625076436
TEST_1181,0.4450212525502051
TEST_1182,0.4693097391851915
TEST_1183,0.5273799305063414
TEST_1184,0.45606036291837837
TEST_1185,0.5354731858103302
TEST_1186,0.500327888835855
TEST_1187,0.5553274516697198
TEST_1188,0.5151428480051524
TEST_1189,0.4624869435040007
TEST_1190,0.5043215104496699
TEST_1191,0.41343352685198564
TEST_1192,0.5035370444165042
TEST_1193,0.43323338697847513
TEST_1194,0.46235236669600976
TEST_1195,0.5333076170184031
TEST_1196,0.5357899639585274
TEST_1197,0.2792681608931061
TEST_1198,0.5265752388180842
TEST_1199,0.5338284470484397
TEST_1200,0.500319272400167
TEST_1201,0.43463284529150326
TEST_1202,0.5445151354288682
TEST_1203,0.5454161207504257
TEST_1204,0.456839070646836
TEST_1205,0.29098437973314173
TEST_1206,0.5528176959493585
TEST_1207,0.525817924496421
TEST_1208,0.4253115008354164
TEST_1209,0.475868877048558
TEST_1210,0.4951962303506939
TEST_1211,0.45219681239558285
TEST_1212,0.4335772972118895
TEST_1213,0.5154837826686803
TEST_1214,0.4835633053909125
TEST_1215,0.5570081041868661
TEST_1216,0.4908463201961695
TEST_1217,0.3891171824717334
TEST_1218,0.5594789788214621
TEST_1219,0.21996168291894164
TEST_1220,0.4277860876982141
TEST_1221,0.5445752226485201
TEST_1222,0.4585566726389254
TEST_1223,0.5219316335616959
TEST_1224,0.5314557266897878
TEST_1225,0.4781232454481109
TEST_1226,0.44977842453237965
TEST_1227,0.5050197268756327
TEST_1228,0.15996351548461704
TEST_1229,0.44923363190264015
TEST_1230,0.2742166587040309
TEST_1231,0.4789905163193516
TEST_1232,0.5056279258429406
TEST_1233,0.5180138917052021
TEST_1234,0.4595700673388351
TEST_1235,0.5416153432610289
TEST_1236,0.5416002804966678
TEST_1237,0.4323019237954963
TEST_1238,0.5212858488634347
TEST_1239,0.5514219739029158
TEST_1240,0.493238483571594
TEST_1241,0.5449796605851579
TEST_1242,0.43576314596855914
TEST_1243,0.4623497744687468
TEST_1244,0.5399208315563033
TEST_1245,0.52260933054669
TEST_1246,0.5438514654647196
TEST_1247,0.5229141944231719
TEST_1248,0.486268976047
TEST_1249,0.5293232843016462
TEST_1250,0.49303981796671714
TEST_1251,0.44029236432364166
TEST_1252,0.5736412519193755
TEST_1253,0.4964964119202708
TEST_1254,0.5208662187513522
TEST_1255,0.48370388750688953
TEST_1256,0.530677418880315
TEST_1257,0.42722167440049147
TEST_1258,0.4828821764657545
TEST_1259,0.451471357212363
TEST_1260,0.5577761135202319
TEST_1261,0.462697720477814
TEST_1262,0.5050764715235838
TEST_1263,0.4604271431164417
TEST_1264,0.47950082777040004
TEST_1265,0.5379916642502577
TEST_1266,0.5017176671325941
TEST_1267,0.4406597184492739
TEST_1268,0.6001729188117608
TEST_1269,0.5064251118530686
TEST_1270,0.535874535150007
TEST_1271,0.5405380858848471
TEST_1272,0.5340899860062841
TEST_1273,0.4726717852857619
TEST_1274,0.5054768224975942
TEST_1275,0.5308275794203356
TEST_1276,0.523906893096783
TEST_1277,0.514706585677287
TEST_1278,0.5854534594671579
TEST_1279,0.47577583659673295
TEST_1280,0.5270155074842625
TEST_1281,0.4907627306835507
TEST_1282,0.5020737453915841
TEST_1283,0.4386823476172025
TEST_1284,0.5150030235984844
TEST_1285,0.5109784374489853
TEST_1286,0.38924858553475156
TEST_1287,0.5314494310628846
TEST_1288,0.42759294718272206
TEST_1289,0.4215314111773078
TEST_1290,0.5319620114489227
TEST_1291,0.12292777597362703
TEST_1292,0.5137569204064832
TEST_1293,0.5051520300915057
TEST_1294,0.5121332378230268
TEST_1295,0.4465399208837665
TEST_1296,0.43749691837180166
TEST_1297,0.45250463748346
TEST_1298,0.5235947989718138
TEST_1299,0.4970899561402381
TEST_1300,0.5116354884736625
TEST_1301,0.5287607900705518
TEST_1302,0.5053448954248044
TEST_1303,0.4869188791142856
TEST_1304,0.4500398981757087
TEST_1305,0.45963058779265403
TEST_1306,0.3645142714646752
TEST_1307,0.5220041242801204
TEST_1308,0.34414473074042284
TEST_1309,0.5259453188694827
TEST_1310,0.5219283121419049
TEST_1311,0.5120837519968751
TEST_1312,0.4447195286887154
TEST_1313,0.5038390690442951
TEST_1314,0.46965750567767156
TEST_1315,0.5259179043536768
TEST_1316,0.5125156468835674
TEST_1317,0.4642011451798453
TEST_1318,0.5471993563104409
TEST_1319,0.5603561968966879
TEST_1320,0.5061653848843701
TEST_1321,0.5399104084119555
TEST_1322,0.5514892542856974
TEST_1323,0.5352126015612415
TEST_1324,0.4977668520504097
TEST_1325,0.5296078908100011
TEST_1326,0.4869856026631881
TEST_1327,0.40865560351674496
TEST_1328,0.49110722695645304
TEST_1329,0.5837939306780675
TEST_1330,0.5174178416027765
TEST_1331,0.5318359410706461
TEST_1332,0.49928814262023
TEST_1333,0.49191643603509866
TEST_1334,0.5630069806559873
TEST_1335,0.5268164174064869
TEST_1336,0.5138527321659134
TEST_1337,0.4836126840963072
TEST_1338,0.4750575111904729
TEST_1339,0.5192272640994164
TEST_1340,0.5375416340241221
TEST_1341,0.49357850785376567
TEST_1342,0.542992809590739
TEST_1343,0.5074629342503969
TEST_1344,0.46065352903674367
TEST_1345,0.48406975040476524
TEST_1346,0.47587753822014106
TEST_1347,0.45970614612466953
TEST_1348,0.531121541021851
TEST_1349,0.4820812810726822
TEST_1350,0.5441213252406898
TEST_1351,0.5013207601658536
TEST_1352,0.47481923656388925
TEST_1353,0.5235157153567812
TEST_1354,0.4938841630743025
TEST_1355,0.5300945207398154
TEST_1356,0.45917885430549227
TEST_1357,0.48797773758260443
TEST_1358,0.4718473770896711
TEST_1359,0.4357144937069552
TEST_1360,0.49949786738619967
TEST_1361,0.47784509781534384
TEST_1362,0.4917190819416768
TEST_1363,0.5156439686849006
TEST_1364,0.5161781000165578
TEST_1365,0.5222360349696071
TEST_1366,0.5218681775795156
TEST_1367,0.5154853445913793
TEST_1368,0.5157139612605917
TEST_1369,0.4857321127522512
TEST_1370,0.5222371525985237
TEST_1371,0.628496407448685
TEST_1372,0.5497194835939185
TEST_1373,0.5459795666511408
TEST_1374,0.4455259212145034
TEST_1375,0.5811979941589743
TEST_1376,0.34062671822974716
TEST_1377,0.5208397486612384
TEST_1378,0.5315073997693691
TEST_1379,0.4996560928798215
TEST_1380,0.5181736536369106
TEST_1381,0.37574785201533106
TEST_1382,0.46803375133423797
TEST_1383,0.4271377108211443
TEST_1384,0.4602062480247498
TEST_1385,0.49783084330008776
TEST_1386,0.5065349550380305
TEST_1387,0.4682673111577069
TEST_1388,0.5283730341478543
TEST_1389,0.4995896801661495
TEST_1390,0.5371141337275783
TEST_1391,0.48487525305239937
TEST_1392,0.5442320632259802
TEST_1393,0.4270337974858102
TEST_1394,0.5043446642024503
TEST_1395,0.470285446472507
TEST_1396,0.5149948674281328
TEST_1397,0.5029570572794904
TEST_1398,0.520605677550345
TEST_1399,0.5349539135449007
TEST_1400,0.5147689060968696
TEST_1401,0.3465561705432639
TEST_1402,0.4993611782945001
TEST_1403,0.4803392963753322
TEST_1404,0.5050022358995634
TEST_1405,0.43224388888082665
TEST_1406,0.49297979032577705
TEST_1407,0.1733735071397089
TEST_1408,0.535490600499609
TEST_1409,0.537049574446508
TEST_1410,0.20729530695490564
TEST_1411,0.514215359044169
TEST_1412,0.5294955944781463
TEST_1413,0.44677543295995054
TEST_1414,0.5231432641022402
TEST_1415,0.38123056339754213
TEST_1416,0.5312663188538479
TEST_1417,0.5013579299871034
TEST_1418,0.5325597241642611
TEST_1419,0.49916848880646153
TEST_1420,0.36969222983474564
TEST_1421,0.501089038743491
TEST_1422,0.512499314717998
TEST_1423,0.5094436959559916
TEST_1424,0.5350248290316197
TEST_1425,0.5101509498706471
TEST_1426,0.38222958403186197
TEST_1427,0.5360017745728408
TEST_1428,0.531914028180644
TEST_1429,0.5016940170950718
TEST_1430,0.496042518091669
TEST_1431,0.5075027416871624
TEST_1432,0.513005769711926
TEST_1433,0.48640624250966075
TEST_1434,0.5422947310934726
TEST_1435,0.5360422384399273
TEST_1436,0.5111496834529125
TEST_1437,0.3774528416534614
TEST_1438,0.5012522323532481
TEST_1439,0.5185110452485735
TEST_1440,0.5349004182166445
TEST_1441,0.46996492928214
TEST_1442,0.4660773510237978
TEST_1443,0.49218733728757125
TEST_1444,0.5282585759272839
TEST_1445,0.2758984342080414
TEST_1446,0.5344938945607184
TEST_1447,0.5302200437742121
TEST_1448,0.47149942762166386
TEST_1449,0.3965551459303075
TEST_1450,0.38133580804167866
TEST_1451,0.5183011679266917
TEST_1452,0.44879038439687835
TEST_1453,0.5091458694220776
TEST_1454,0.572015506897071
TEST_1455,0.36464157430032723
TEST_1456,0.4912596350360299
TEST_1457,0.4511728429285187
TEST_1458,0.5360206251875703
TEST_1459,0.5477151477139365
TEST_1460,0.5037527183183931
TEST_1461,0.4932734709726798
TEST_1462,0.3972110207171309
TEST_1463,0.5108483471252885
TEST_1464,0.49344764631694554
TEST_1465,0.521638315139109
TEST_1466,0.47027703894379613
TEST_1467,0.5317494084969935
TEST_1468,0.5174974561333392
TEST_1469,0.5516454281825889
TEST_1470,0.5596843633111026
TEST_1471,0.521132117209654
TEST_1472,0.5328477968763271
TEST_1473,0.3182386611028883
TEST_1474,0.5070324890211282
TEST_1475,0.4470079442331779
TEST_1476,0.4934793050383812
TEST_1477,0.4525554586932277
TEST_1478,0.5342890212439854
TEST_1479,0.49565478286261233
TEST_1480,0.5127319490137024
TEST_1481,0.49674769011660985
TEST_1482,0.5075333944810948
TEST_1483,0.5938171084063955
TEST_1484,0.4583522656543736
TEST_1485,0.4995923810281139
TEST_1486,0.5230003414706923
TEST_1487,0.4664573440865645
TEST_1488,0.5303817658545809
TEST_1489,0.4932861377347913
TEST_1490,0.5177117774378002
TEST_1491,0.5259025011791244
TEST_1492,0.2841866151796747
TEST_1493,0.5187771349078436
TEST_1494,0.494673967584115
TEST_1495,0.4892855391327099
TEST_1496,0.5653765947671792
TEST_1497,0.5325853368987308
TEST_1498,0.5296605388885993
TEST_1499,0.5039944272004174
TEST_1500,0.5286000805993721
TEST_1501,0.5142884457068612
TEST_1502,0.5041501863402883
TEST_1503,0.4849443141085949
TEST_1504,0.5309796596491788
TEST_1505,0.5078709951594534
TEST_1506,0.468394717228289
TEST_1507,0.5142848235988327
TEST_1508,0.5275297804040536
TEST_1509,0.5458993933328
TEST_1510,0.35576601605588093
TEST_1511,0.5147601626271086
TEST_1512,0.5270736188530599
TEST_1513,0.515458746001508
TEST_1514,0.4804290408538307
TEST_1515,0.5217216681272839
TEST_1516,0.4285680712530768
TEST_1517,0.45979686716928553
TEST_1518,0.34668880631111965
TEST_1519,0.44812983157543884
TEST_1520,0.4981081619498367
TEST_1521,0.5036895289404384
TEST_1522,0.5121821404971912
TEST_1523,0.525599436821252
TEST_1524,0.49972424697693224
TEST_1525,0.4647750021976822
TEST_1526,0.508265725136301
TEST_1527,0.5087058172648328
TEST_1528,0.41008024718159186
TEST_1529,0.4786124211226239
TEST_1530,0.5141450518474948
TEST_1531,0.5421290375326281
TEST_1532,0.46715869871621457
TEST_1533,0.5058364975119521
TEST_1534,0.548693473087739
TEST_1535,0.5136954364565515
TEST_1536,0.454292770558962
TEST_1537,0.5498524342422181
TEST_1538,0.48870195786552045
TEST_1539,0.48267031308959457
TEST_1540,0.45167634821789737
TEST_1541,0.5103765180080355
TEST_1542,0.6075629033751293
TEST_1543,0.46905873251885977
TEST_1544,0.46642483726432843
TEST_1545,0.5278998670777159
TEST_1546,0.4881240711632283
TEST_1547,0.4738598624412514
TEST_1548,0.5293056769138778
TEST_1549,0.5286691341300436
TEST_1550,0.5292350639228617
TEST_1551,0.4828380855411337
TEST_1552,0.47548355068721654
TEST_1553,0.5248801252810523
TEST_1554,0.37493205450659595
TEST_1555,0.4511661499397655
TEST_1556,0.5489220510660512
TEST_1557,0.5013760373175233
TEST_1558,0.5401488986145107
TEST_1559,0.41072202632772287
TEST_1560,0.48247716223109127
TEST_1561,0.46041381397918674
TEST_1562,0.517827103317773
TEST_1563,0.45776182555276934
TEST_1564,0.5547102486902917
TEST_1565,0.42833711666380553
TEST_1566,0.46982302003609594
TEST_1567,0.5363059963614025
TEST_1568,0.5075996196686505
TEST_1569,0.486506247010741
TEST_1570,0.5109612655131022
TEST_1571,0.4368011851582824
TEST_1572,0.4557847609395178
TEST_1573,0.5271039374281262
TEST_1574,0.5377607005720704
TEST_1575,0.3860300635045398
TEST_1576,0.5253027707858595
TEST_1577,0.4928775809763959
TEST_1578,0.4830159930364597
TEST_1579,0.48988534946096973
TEST_1580,0.5198941339754504
TEST_1581,0.4401200870769149
TEST_1582,0.5207241381138771
TEST_1583,0.459911846274678
TEST_1584,0.5005281445773073
TEST_1585,0.4716892195060429
TEST_1586,0.47822860637984604
TEST_1587,0.4325909688891095
TEST_1588,0.531342755939521
TEST_1589,0.6466957608727298
TEST_1590,0.5344303275460293
TEST_1591,0.5393368411841329
TEST_1592,0.5042368000068227
TEST_1593,0.522908927026727
TEST_1594,0.40475951011845585
TEST_1595,0.5386775029741717
TEST_1596,0.5127489587308808
TEST_1597,0.46097433612110444
TEST_1598,0.5170833881291532
TEST_1599,0.531405613337018
TEST_1600,0.506803916156411
TEST_1601,0.5071816104547131
TEST_1602,0.33064342177234807
TEST_1603,0.464703968538447
TEST_1604,0.5232659181548946
TEST_1605,0.5524339714761216
TEST_1606,0.41993810868891
TEST_1607,0.48068566223390147
TEST_1608,0.4056758238911722
TEST_1609,0.5038110872394533
TEST_1610,0.4627470661464399
TEST_1611,0.3841568833942674
TEST_1612,0.5014443242922438
TEST_1613,0.5315016387282309
TEST_1614,0.4870277811895723
TEST_1615,0.517381552618308
TEST_1616,0.5442506637102176
TEST_1617,0.632272662922442
TEST_1618,0.5029284636654923
TEST_1619,0.4816104182970819
TEST_1620,0.44147514608496397
TEST_1621,0.5362587023125529
TEST_1622,0.4130903292708469
TEST_1623,0.5041938396511659
TEST_1624,0.5009629387510102
TEST_1625,0.5440861760193585
TEST_1626,0.49870722624492875
TEST_1627,0.5165259154375316
TEST_1628,0.5614927576202732
TEST_1629,0.5167352092417473
TEST_1630,0.4637219611187056
TEST_1631,0.43960196251548855
TEST_1632,0.4861902116102225
TEST_1633,0.5194223704812013
TEST_1634,0.47522469113003535
TEST_1635,0.5495988337267987
TEST_1636,0.5432648682403436
TEST_1637,0.4796123967836727
TEST_1638,0.5371284004362153
TEST_1639,0.5485449721194386
TEST_1640,0.5237979051175605
TEST_1641,0.448532630028025
TEST_1642,0.4941618898544656
TEST_1643,0.5214108475931369
TEST_1644,0.5117227636764606
TEST_1645,0.5512756317872313
TEST_1646,0.4944276235044002
TEST_1647,0.5112692093293354
TEST_1648,0.45691561577131407
TEST_1649,0.46925725629642784
TEST_1650,0.46071966966672934
TEST_1651,0.5169697967212624
TEST_1652,0.5382747093890589
TEST_1653,0.5417457614976331
TEST_1654,0.4900355640369703
TEST_1655,0.4994385739248915
TEST_1656,0.5153335010992944
TEST_1657,0.5576193178261275
TEST_1658,0.42737850725471577
TEST_1659,0.5354562765173491
TEST_1660,0.48247412732622463
TEST_1661,0.4692493468250673
TEST_1662,0.5405098814690886
TEST_1663,0.5640797504629053
TEST_1664,0.5448650980557799
TEST_1665,0.5057155533877228
TEST_1666,0.482381934635872
TEST_1667,0.49951156059886814
TEST_1668,0.4939198496465869
TEST_1669,0.5049661023222343
TEST_1670,0.5809892557427307
TEST_1671,0.48405297977127826
TEST_1672,0.4848409338753326
TEST_1673,0.4865599063075924
TEST_1674,0.50561866315542
TEST_1675,0.5523265182876993
TEST_1676,0.5487791127479816
TEST_1677,0.49720392855189416
TEST_1678,0.5279615547875582
TEST_1679,0.4240892275930741
TEST_1680,0.46617046263845235
TEST_1681,0.4739164116437353
TEST_1682,0.5047049953349435
TEST_1683,0.5039703847967533
TEST_1684,0.5078718537023835
TEST_1685,0.3274387426772964
TEST_1686,0.531750925096632
TEST_1687,0.522830500192021
TEST_1688,0.4885941764673226
TEST_1689,0.5053350141382027
TEST_1690,0.5142117744662266
TEST_1691,0.4431359698602764
TEST_1692,0.46742004268061077
TEST_1693,0.530707691029905
TEST_1694,0.5056492439707628
TEST_1695,0.5172512573400675
TEST_1696,0.5102432073338069
TEST_1697,0.5675846022137859
TEST_1698,0.5301172983713752
TEST_1699,0.5295677297057179
TEST_1700,0.5081272565003793
TEST_1701,0.5291109830225755
TEST_1702,0.5525235810841229
TEST_1703,0.5176680590295953
TEST_1704,0.49000453799799343
TEST_1705,0.48533814230826866
TEST_1706,0.5170632012065524
TEST_1707,0.5201672777276074
TEST_1708,0.4241613050491367
TEST_1709,0.5116055981300657
TEST_1710,0.464066396445198
TEST_1711,0.43115345928015947
TEST_1712,0.4550681910176768
TEST_1713,0.5554630069839877
TEST_1714,0.4364100437044459
TEST_1715,0.4864806191452363
TEST_1716,0.5209769014562053
TEST_1717,0.5236947332462056
TEST_1718,0.5277714575077828
TEST_1719,0.5012752017790743
TEST_1720,0.4865593730065323
TEST_1721,0.5043217449826788
TEST_1722,0.4869393923489974
TEST_1723,0.5153752027141575
TEST_1724,0.504203716056868
TEST_1725,0.49188247155329157
TEST_1726,0.4989012249591776
TEST_1727,0.30992336343216115
TEST_1728,0.44129110794555326
TEST_1729,0.46974358978186426
TEST_1730,0.5294785358891464
TEST_1731,0.4855454910710317
TEST_1732,0.5465845671464303
TEST_1733,0.5176720922608441
TEST_1734,0.5237493584615105
TEST_1735,0.5026941324910955
TEST_1736,0.5470699831521265
TEST_1737,0.5088771918536129
TEST_1738,0.5130486584613804
TEST_1739,0.5241742801699412
TEST_1740,0.5399199890057623
TEST_1741,0.46391905868107985
TEST_1742,0.4654175700157777
TEST_1743,0.5328640291475855
TEST_1744,0.551561636565125
TEST_1745,0.43776394668250745
TEST_1746,0.5387425758754659
TEST_1747,0.5023327101671116
TEST_1748,0.4963911522059994
TEST_1749,0.5031085500348361
TEST_1750,0.3924003519127143
TEST_1751,0.07123367739692783
TEST_1752,0.45817606516129317
TEST_1753,0.46504951936629757
TEST_1754,0.5190525537314582
TEST_1755,0.5104462494799656
TEST_1756,0.5278186225058112
TEST_1757,0.554576552562166
TEST_1758,0.5220592052421247
TEST_1759,0.5494334506167982
TEST_1760,0.5333236686808343
TEST_1761,0.5517112198374833
TEST_1762,0.4346406818390835
TEST_1763,0.5227979983086775
TEST_1764,0.4994396592746032
TEST_1765,0.48872383220913007
TEST_1766,0.5393043045666995
TEST_1767,0.5204051867453838
TEST_1768,0.5198096954499376
TEST_1769,0.5580190248993726
TEST_1770,0.5498935549808853
TEST_1771,0.4937352827488389
TEST_1772,0.5317245532534267
TEST_1773,0.5275430130027092
TEST_1774,0.4623543352063035
TEST_1775,0.5015801143122296
TEST_1776,0.5247997922940185
TEST_1777,0.5117132053192367
TEST_1778,0.4817420870421449
TEST_1779,0.4545050324327102
TEST_1780,0.4875801460095376
TEST_1781,0.5202603727502176
TEST_1782,0.5536698760687219
TEST_1783,0.5003013678293521
TEST_1784,0.5450481109819597
TEST_1785,0.5431716375414305
TEST_1786,0.6244792162553242
TEST_1787,0.44125443417441745
TEST_1788,0.5190624894169956
TEST_1789,0.4310641651216889
TEST_1790,0.4932490082368616
TEST_1791,0.3965350890510435
TEST_1792,0.48927609023230867
TEST_1793,0.5241581960400273
TEST_1794,0.5093722759976813
TEST_1795,0.5066231035750901
TEST_1796,0.5012412386661664
TEST_1797,0.5462624832875577
TEST_1798,0.5050563623835702
TEST_1799,0.5097208559077606
TEST_1800,0.4890515680162757
TEST_1801,0.4999446066633642
TEST_1802,0.5173204375054337
TEST_1803,0.4973618649449815
TEST_1804,0.4855193975713755
TEST_1805,0.3106174531077191
TEST_1806,0.495625637174363
TEST_1807,0.5345886046773367
TEST_1808,0.39612592812550135
TEST_1809,0.5316908975733807
TEST_1810,0.5250142879765303
TEST_1811,0.5248754422939793
TEST_1812,0.42129392347053085
TEST_1813,0.554680117026523
TEST_1814,0.516521596877781
TEST_1815,0.47578496029381523
TEST_1816,0.4786882199774862
TEST_1817,0.5405482232524224
TEST_1818,0.4585699499168649
TEST_1819,0.36520789725087405
TEST_1820,0.5191562325188303
TEST_1821,0.5335386872813148
TEST_1822,0.4737191478956292
TEST_1823,0.47295989942898636
TEST_1824,0.5070666502448804
TEST_1825,0.466620245196773
TEST_1826,0.3944022153425679
TEST_1827,0.5188351049464381
TEST_1828,0.5472954047065484
TEST_1829,0.537642794826891
TEST_1830,0.2668832454000854
TEST_1831,0.523683226313695
TEST_1832,0.5013121339317241
TEST_1833,0.45650197748689625
TEST_1834,0.5078205602380286
TEST_1835,0.5031333872902986
TEST_1836,0.4380144455663284
TEST_1837,0.415961254206323
TEST_1838,0.5208858740423497
TEST_1839,0.4774195398301995
TEST_1840,0.5324101378094308
TEST_1841,0.5531111681012857
TEST_1842,0.348025375896653
TEST_1843,0.47697142219009736
TEST_1844,0.5396611408925286
TEST_1845,0.5060589685016831
TEST_1846,0.5362711822733731
TEST_1847,0.4416889438710788
TEST_1848,0.49456506797477007
TEST_1849,0.5285943284433454
TEST_1850,0.41173431320547765
TEST_1851,0.5522145503233012
TEST_1852,0.5718246067228567
TEST_1853,0.5408828795209618
TEST_1854,0.5377332162498892
TEST_1855,0.5717362751445433
TEST_1856,0.4802601980637317
TEST_1857,0.5309668305886878
TEST_1858,0.5246145259941819
TEST_1859,0.5101021289046703
TEST_1860,0.5213352347677879
TEST_1861,0.39998610554479486
TEST_1862,0.4997381261812541
TEST_1863,0.47794030647181845
TEST_1864,0.5651191319924238
TEST_1865,0.5036310262021537
TEST_1866,0.5085974350730688
TEST_1867,0.5498842174352918
TEST_1868,0.5426047603458477
TEST_1869,0.4915750379225076
TEST_1870,0.47908773712611374
TEST_1871,0.4125689129933485
TEST_1872,0.5313353208703279
TEST_1873,0.4936033853908218
TEST_1874,0.519731451226039
TEST_1875,0.5002925911886928
TEST_1876,0.5736822143863216
TEST_1877,0.4281520329679993
TEST_1878,0.5176519733733164
TEST_1879,0.5689615950401383
TEST_1880,0.5332753863816421
TEST_1881,0.5294286434514535
TEST_1882,0.5258071900444705
TEST_1883,0.4621400213732212
TEST_1884,0.4701691624536911
TEST_1885,0.5430619371530544
TEST_1886,0.519990815134286
TEST_1887,0.4250569617035566
TEST_1888,0.5170418377027923
TEST_1889,0.49999269288156584
TEST_1890,0.5073773030682954
TEST_1891,0.5365265115912733
TEST_1892,0.5217135650714653
TEST_1893,0.4107132491955611
TEST_1894,0.5744847927966715
TEST_1895,0.453108689745639
TEST_1896,0.47781557313770145
TEST_1897,0.47092628278871873
TEST_1898,0.5061371765043599
TEST_1899,0.45582360902312896
TEST_1900,0.47523746338548734
TEST_1901,0.5011429167922696
TEST_1902,0.45006011869096196
TEST_1903,0.5050661368261252
TEST_1904,0.31464000579815954
TEST_1905,0.4507657659867625
TEST_1906,0.5070646533966917
TEST_1907,0.4781364962117799
TEST_1908,0.519532387234189
TEST_1909,0.48695490431056115
TEST_1910,0.488891282415512
TEST_1911,0.47497379323957656
TEST_1912,0.5301795344460914
TEST_1913,0.48881035120398364
TEST_1914,0.5038669225833384
TEST_1915,0.5425398724078491
TEST_1916,0.5098998902600437
TEST_1917,0.47299519958392827
TEST_1918,0.48984072320261435
TEST_1919,0.481245336977013
TEST_1920,0.47504144274644566
TEST_1921,0.47786146923747846
TEST_1922,0.4876584289021341
TEST_1923,0.5122213493733672
TEST_1924,0.4866551224071978
TEST_1925,0.4521443779697623
TEST_1926,0.5270900729175446
TEST_1927,0.4823857898813073
TEST_1928,0.4979720292274416
TEST_1929,0.4781974750793697
TEST_1930,0.5427716044962556
TEST_1931,0.5232820329397078
TEST_1932,0.1727637617774852
TEST_1933,0.5327320851147898
TEST_1934,0.47578791807207327
TEST_1935,0.569513730208239
TEST_1936,0.4746832680291431
TEST_1937,0.5262319848415088
TEST_1938,0.5221223217556135
TEST_1939,0.44616484057247024
TEST_1940,0.4796522108108061
TEST_1941,0.46095581163041116
TEST_1942,0.45840063812494614
TEST_1943,0.5008915888068016
TEST_1944,0.5016278559595445
TEST_1945,0.5029228465426759
TEST_1946,0.5373942159791869
TEST_1947,0.46316642137512903
TEST_1948,0.5383678060412148
TEST_1949,0.5283795526319035
TEST_1950,0.5233531835110307
TEST_1951,0.4850276520518418
TEST_1952,0.49999148320767417
TEST_1953,0.5266442713924494
TEST_1954,0.5089732834362533
TEST_1955,0.5912210196146828
TEST_1956,0.5276584836316436
TEST_1957,0.4733601346933678
TEST_1958,0.4523254118593881
TEST_1959,0.4443833716822997
TEST_1960,0.4277721560591361
TEST_1961,0.34334865785147495
TEST_1962,0.4923794635241373
TEST_1963,0.48158116981050375
TEST_1964,0.5249530955624649
TEST_1965,0.5107383466811777
TEST_1966,0.4406822726180219
TEST_1967,0.5428459968471262
TEST_1968,0.5491835806044745
TEST_1969,0.5327734403641603
TEST_1970,0.5070755980837726
TEST_1971,0.44813636670639395
TEST_1972,0.4940782979691824
TEST_1973,0.5191634921879325
TEST_1974,0.53019512247226
TEST_1975,0.5289365275831576
TEST_1976,0.5567441133461501
TEST_1977,0.5284534422806607
TEST_1978,0.5201124046494658
TEST_1979,0.5065546401757782
TEST_1980,0.3892632383166147
TEST_1981,0.23038338013283083
TEST_1982,0.47808222892293073
TEST_1983,0.5002973163649335
TEST_1984,0.5083336401550825
TEST_1985,0.4429671402254119
TEST_1986,0.4933272413027001
TEST_1987,0.5480088171084598
TEST_1988,0.5755192216579375
TEST_1989,0.47653868861445653
TEST_1990,0.4830303320513268
TEST_1991,0.5154037876680924
TEST_1992,0.5271590697568652
TEST_1993,0.22532369318242812
TEST_1994,0.4923022610636919
TEST_1995,0.45500022355804604
TEST_1996,0.5446000065077875
TEST_1997,0.5573029334505638
TEST_1998,0.5225366916263762
TEST_1999,0.4803823770138437
TEST_2000,0.49506146625255676
TEST_2001,0.5205727123969637
TEST_2002,0.5044383051828549
TEST_2003,0.5214287393381156
TEST_2004,0.48722915785912807
TEST_2005,0.4918293678135126
TEST_2006,0.5114608593318718
TEST_2007,0.48690639955348897
TEST_2008,0.4553853122223294
TEST_2009,0.529968877889008
TEST_2010,0.4814171450980639
TEST_2011,0.3548382001442315
TEST_2012,0.4661389354073043
TEST_2013,0.5359762168532126
TEST_2014,0.41971191331693114
TEST_2015,0.4989069894325541
TEST_2016,0.5070960008377609
TEST_2017,0.44660140682041227
TEST_2018,0.44402698709727206
TEST_2019,0.5194797386569413
TEST_2020,0.5096052088286637
TEST_2021,0.48776355129836935
TEST_2022,0.5185686997966433
TEST_2023,0.37295160412823475
TEST_2024,0.5350021034755559
TEST_2025,0.43798477260578117
TEST_2026,0.47454451635968825
TEST_2027,0.4754596833694889
TEST_2028,0.42588219555530477
TEST_2029,0.5495230292541555
TEST_2030,0.5049195104215468
TEST_2031,0.4707080976646484
TEST_2032,0.48277624387916285
TEST_2033,0.5147104296080175
TEST_2034,0.4776311107755966
TEST_2035,0.4933527748338421
TEST_2036,0.4806334675419501
TEST_2037,0.5269912119520483
TEST_2038,0.4589665589171959
TEST_2039,0.5316243673803296
TEST_2040,0.5587979676093088
TEST_2041,0.5387667523122793
TEST_2042,0.5006924566510522
TEST_2043,0.5136252523113097
TEST_2044,0.5487651407355192
TEST_2045,0.5334496432974243
TEST_2046,0.5512394667681467
TEST_2047,0.5010388716724872
TEST_2048,0.5255410465242655
TEST_2049,0.5615016010783622
TEST_2050,0.4138137024559146
TEST_2051,0.4813204646944291
TEST_2052,0.48338440903171914
TEST_2053,0.4444502567640141
TEST_2054,0.5280372332442268
TEST_2055,0.44951088612076456
TEST_2056,0.46354352818394645
TEST_2057,0.5333809988756406
TEST_2058,0.5268502376372811
TEST_2059,0.5538884836115339
TEST_2060,0.4625243048236351
TEST_2061,0.5168134551822083
